{
  "id": "elitetorrent",
  "name": "Elite Torrent",
  "active": true,
  "adult": false,
  "language": "es",
  "thumbnail": "elitetorrent.png",
  "banner": "elitetorrent.png",
  "version": 1,
  "changes": [
    {
      "date": "15/03/2017",
      "description": "limpieza código"
    },
    {
      "date": "01/07/2016",
      "description": "Eliminado código innecesario."
    }
  ],
  "categories": [
    "torrent",
    "movie",
    "tvshow",
    "documentary",
    "vos"
  ]
}