<?xml version="1.0" encoding="UTF-8" standalone="yes"?>
<addon id="script.module.xvideos" 
       name="[B][COLOR silver]Kodi[/COLOR] [COLOR red]X[COLOR white]VIDEOS[/COLOR][/COLOR][/B]" 
	   version="0.0.1" 
	   provider-name="BlackBox">
  <requires>
    <import addon="xbmc.python" version="2.1.0"/>
	<import addon="script.module.addon.common" />
	<import addon="script.module.requests" />
	<import addon="script.module.urlresolver" />
  </requires>
  <extension point="xbmc.python.pluginsource" library="default.py">
        <provides>all</provides>
  </extension>
  <extension point="xbmc.addon.metadata">
    <summary lang="en"></summary>
    <description lang="en"></description>
	<disclaimer lang="en"></disclaimer>
    <platform>all</platform>
  </extension>
</addon>
