<?xml version="1.0" encoding="UTF-8" standalone="yes"?>
<addon id="repository.myshows.me" name="MyShows.me Kodi Repo" version="1.0.6" provider-name="DiMartino">
	<extension point="xbmc.addon.repository" name="MyShows.me Kodi Repo">
		<info compressed="false">http://api.bitbucket.org/1.0/repositories/DiMartino/myshows.me-kodi-repo/raw/default/addons.xml</info>
		<checksum>http://api.bitbucket.org/1.0/repositories/DiMartino/myshows.me-kodi-repo/raw/default/addons.xml.md5</checksum>
		<datadir zip="true">http://api.bitbucket.org/1.0/repositories/DiMartino/myshows.me-kodi-repo/raw/default/repo/</datadir>
	</extension>
	<extension point="xbmc.addon.metadata">
		<summary>Устанавливайте дополнения из репозитория MyShows.me</summary>
		<description>Дополнения для Kodi</description>
		<disclaimer>DiMartino</disclaimer>
		<platform>all</platform>
	</extension>
</addon>