<?xml version="1.0" encoding="UTF-8" standalone="yes"?>
<addon id="repository.team_inspiration" name="[COLOR red]T[/COLOR]eam [COLOR red]I[/COLOR]nspiration" version="4.0" provider-name="Inspiration">
	<extension point="xbmc.addon.repository" name="VietKodi Addon Repository">
		<info compressed="false">http://teaminspiration.net23.net/Plugins/addons.xml</info>
		<checksum>http://teaminspiration.net23.net/Plugins/addons.xml.md5</checksum>
		<datadir zip="true">http://teaminspiration.net23.net/Plugins/</datadir>
	</extension>
	<extension point="xbmc.addon.metadata">
		<summary>Team Inspiration Repo</summary>
		<description>Repositorio do Team Inspiration</description>
		<platform>all</platform>
	</extension>
</addon>