<?xml version="1.0" encoding="UTF-8" standalone="yes"?>
<addon id="plugin.video.player-grupopld"
       name="[COLOR blue]PLAYER-GRUPOPLD[/COLOR]"
       version="2.3.0.8"
       provider-name="[COLOR blue]GRUPO-PLD[/COLOR]">
  <requires>
    <import addon="xbmc.python" version="2.1.0"/>
    <import addon="script.module.beautifulsoup" version="3.2.1"/>
    <import addon="script.module.simple.downloader" version="0.9.4"/>
    <import addon="script.module.beautifulsoup4" />
    <import addon="script.module.requests" />
    <import addon="script.module.httplib2" />
    <import addon="script.module.liveresolver" version="0.1.24" optional="true"/>
    <import addon="script.module.youtube.dl" optional="true"/>
    <import addon="plugin.video.youtube" optional="true" />
    <import addon="script.module.urlresolver" optional="true"/>
    <import addon="script.module.simplejson" />    
     <import addon="script.module.livestreamer" optional="true"/>
     <import addon="script.module.pyamf" optional="true"/>
  </requires>
  <extension point="xbmc.python.pluginsource" library="default.py">
    <provides>video</provides>
  </extension>
  <extension point="xbmc.addon.metadata">
   <summary>PLAYER-GRUPOPLD</summary>
    <description>ESTE ADDON A SIDO MODIFICADO POR EL GRUPO-PLD</description>
	<disclaimer lang="en">[B]Queda prohibida la distribución de este addon junto con contenidos multimedia protegidos por derechos de autor.[/B] La vulneración de esta prohibición exonerará de culpa a su autor siendo el único responsable quien lo haya distribuido ilegalmente.</disclaimer>
	<platform>all</platform>
  </extension>
</addon>