<?xml version="1.0" encoding="UTF-8"?>
<addon id="plugin.video.pldplayerm3u" version="2.2.5" name="[COLOR blue]PLD-PLAYER[COLOR lime]M3U[/COLOR]" provider-name="[COLOR blue]Proyectoluzdigital[/COLOR]">
    <requires>
        <import addon="xbmc.python" version="2.1.0"/>
        <import addon="script.video.F4mProxy" version="2.2.3"/>
    </requires>
    <extension point="xbmc.python.pluginsource" library="default.py">
        <provides>video</provides>
    </extension>
        <extension point="xbmc.addon.metadata">
        <summary>pldplayerm3u</summary>
        <description></description>
        <platform>all</platform>
    </extension>
</addon>