<?xml version="1.0" encoding="UTF-8" standalone="yes"?>
<addon id="plugin.program.TheKingZeroWizard" 
		name="TheKingZero Wizard" 
		version="0.0.1" 
		provider-name="TheKingZero">
  <requires>
    <import addon="xbmc.python" version="2.1.0"/>
  </requires>
  <extension point="xbmc.python.pluginsource" library="default.py">
        <provides>executable</provides>
  </extension>
  <extension point="xbmc.addon.metadata">
		<summary lang="en">TheKingZero Wizard</summary>
		<description lang="en">TheKingZero Wizard</description>
		<disclaimer lang="en"></disclaimer>
		<platform>all</platform>
	</extension>
</addon>
