<?xml version="1.0" encoding="UTF-8" standalone="yes"?>
<addon id="repository.TheKingZero" name="The King Zero official Repo" version="2.0.0" provider-name="TheKingZero">
	<extension point="xbmc.addon.repository" name="The King Zero official Repo">
		<info compressed="false">https://raw.github.com/gertakari/TheKingZero/master/addons.xml</info>
		<checksum>https://raw.github.com/gertakari/TheKingZero/master/addons.xml.md5</checksum>
		<datadir zip="true">https://raw.github.com/gertakari/TheKingZero/master</datadir>
	</extension>
	<extension point="xbmc.addon.metadata">
		<summary>The King Zero official Repo</summary>
   		<description lang="en">Instala los Addons de The King Zero.</description>
		<disclaimer></disclaimer>
		<platform>all</platform>
	</extension>
</addon>